{
  "project_info": {
    "project_number": "655137581683",
    "project_id": "minor-project-e2a73",
    "storage_bucket": "minor-project-e2a73.appspot.com"
  },
  "client": [
    {
      "client_info": {
        "mobilesdk_app_id": "1:655137581683:android:49e50ea81bbd056736d806",
        "android_client_info": {
          "package_name": "com.example.minorproject"
        }
      },
      "oauth_client": [],
      "api_key": [
        {
          "current_key": "AIzaSyCxqD2psfhjl1bJIgjJBBrAhi2niH4kKYw"
        }
      ],
      "services": {
        "appinvite_service": {
          "other_platform_oauth_client": []
        }
      }
    }
  ],
  "configuration_version": "1"
}